model,dataset,horizon,paper_mse,paper_mae,reproduced_mse,reproduced_mae,mse_abs_diff,mae_abs_diff,mse_pct_diff,mae_pct_diff
Linear,ETTh1,96,0.375,0.397,0.37474915385246277,0.3967040181159973,-0.000251,-0.000296,-0.07,-0.07
Linear,ETTh1,192,0.418,0.429,0.4183434247970581,0.42882049083709717,0.000343,-0.000180,0.08,-0.04
Linear,ETTh1,336,0.479,0.476,0.47915029525756836,0.47670137882232666,0.000150,0.000701,0.03,0.15
Linear,ETTh1,720,0.624,0.592,0.624996542930603,0.593038022518158,0.000997,0.001038,0.16,0.18
NLinear,ETTh1,96,0.374,0.394,0.3737042248249054,0.3942243158817291,-0.000296,0.000224,-0.08,0.06
NLinear,ETTh1,192,0.408,0.415,0.4079195559024811,0.4150417447090149,-0.000080,0.000042,-0.02,0.01
NLinear,ETTh1,336,0.429,0.427,0.4290837347507477,0.4276444911956787,0.000084,0.000644,0.02,0.15
NLinear,ETTh1,720,0.440,0.453,0.4411715865135193,0.45375242829322815,0.001172,0.000752,0.27,0.17
DLinear,ETTh1,96,0.375,0.399,0.384144,0.404713,0.009144,0.005713,2.44,1.43
DLinear,ETTh1,192,0.405,0.416,0.443487,0.449925,0.038487,0.033925,9.50,8.16
DLinear,ETTh1,336,0.439,0.443,0.446925,0.448371,0.007925,0.005371,1.81,1.21
DLinear,ETTh1,720,0.472,0.490,0.504245,0.514578,0.032245,0.024578,6.83,5.02
