model,dataset,horizon,paper_mse,paper_mae,reproduced_mse,reproduced_mae
Linear,ETTh1,96,0.375,0.397,0.37474915385246277,0.3967040181159973
Linear,ETTh1,192,0.418,0.429,0.4183434247970581,0.42882049083709717
Linear,ETTh1,336,0.479,0.476,0.47915029525756836,0.47670137882232666
Linear,ETTh1,720,0.624,0.592,0.624996542930603,0.593038022518158
NLinear,ETTh1,96,0.374,0.394,0.3737042248249054,0.3942243158817291
NLinear,ETTh1,192,0.408,0.415,0.4079195559024811,0.4150417447090149
NLinear,ETTh1,336,0.429,0.427,0.4290837347507477,0.4276444911956787
NLinear,ETTh1,720,0.440,0.453,0.4411715865135193,0.45375242829322815
DLinear,ETTh1,96,0.375,0.399,0.384144,0.404713
DLinear,ETTh1,192,0.405,0.416,0.443487,0.449925
DLinear,ETTh1,336,0.439,0.443,0.446925,0.448371
DLinear,ETTh1,720,0.472,0.490,0.504245,0.514578
